date,pnl_unpert,pnl_pert,pnl_mid_raw,pnl_mid,pnl_sim,impact_cost,turnover,day_volume,flow_flag_count,max_impact
2019-01-02,68.69912224981981,67.49951811245188,54.92154780359568,68.69912224981981,67.49951811245188,1.1996041373679165,121331.31170206351,19817464.0,1378,2.3128050090795884e-05
2019-01-03,185.9720485829394,184.90693396880894,142.9982553683516,185.9720485829394,184.90693396880894,1.0651146141304775,138085.16165233412,30908381.0,1150,2.632618137832397e-05
2019-01-04,118.64924827962602,117.20515451686944,95.87745675577028,118.64924827962602,117.20515451686944,1.4440937627565822,138438.36831494168,29947016.0,1121,7.685115555748677e-06
2019-01-07,89.278664778747,88.04728348419067,53.898018360613776,89.278664778747,88.04728348419067,1.2313812945563272,130708.05671367109,23960457.0,1496,1.897790136470775e-05
2019-01-08,131.16192152928733,129.44642161367074,114.62441858102362,131.16192152928733,129.44642161367074,1.7154999156165922,128684.3943107769,22259708.0,1474,1.1220210433770646e-05
2019-01-09,17.539071712213516,17.530285241121558,15.834548667130491,17.539071712213516,17.530285241121558,0.008786471091955489,1189.8255598544754,1553229.0,37,1.7292110114585334e-06
2019-01-10,30.437511849179874,29.82063806852261,19.958238485268875,30.437511849179874,29.82063806852261,0.6168737806572625,63222.317766046064,21774504.0,1825,1.6967556487592595e-05
2019-01-11,33.88839745493213,33.1576154367063,38.63255863022742,33.88839745493213,33.1576154367063,0.7307820182258271,64471.61558854485,16852388.0,1949,1.5987723464436438e-05
2019-01-14,71.57102727567693,70.84053741353839,57.26762442050441,71.57102727567693,70.84053741353839,0.7304898621385424,68314.02516669905,16179434.0,2172,3.588719548136415e-05
2019-01-15,62.96096434889084,62.189592534853674,43.08339635889467,62.96096434889084,62.189592534853674,0.7713718140371691,68926.39539757301,16690357.0,1671,2.7059268317437502e-05
2019-01-16,67.18443391103523,66.49612625355712,57.94643266379534,67.18443391103523,66.49612625355712,0.6883076574781113,73617.01995521128,17444476.0,2079,9.542892429532262e-06
2019-01-17,70.28172333110749,69.53023311524035,60.11901695804417,70.28172333110749,69.53023311524035,0.7514902158671389,76709.43375219591,17282083.0,1931,2.211777918060716e-05
2019-01-18,83.54644544421191,82.68356349596196,34.145720750091314,83.54644544421191,82.68356349596196,0.8628819482499546,75880.3335309916,19998019.0,1669,2.6213668539592055e-05
2019-01-22,45.63237320619868,44.84142845037851,15.248983634950724,45.63237320619868,44.84142845037851,0.790944755820171,83681.83891825684,18617061.0,1449,1.0963389044104762e-05
2019-01-23,71.82942038183023,70.97690252114924,43.947622196613594,71.82942038183023,70.97690252114924,0.8525178606809958,87099.1666003449,17997976.0,1484,6.230075641270071e-05
2019-01-24,103.97725566941878,103.10616484462135,83.55306259045953,103.97725566941878,103.10616484462135,0.8710908247974326,86068.02748921572,23250604.0,1926,2.074266387560582e-05
2019-01-25,42.32926903857146,41.34930415386595,24.99921362447289,42.32926903857146,41.34930415386595,0.97996488470551,84926.86235445447,23567482.0,1767,2.882015733888337e-05
2019-01-28,76.6983227705,75.6162177548169,34.222051610924716,76.6983227705,75.6162177548169,1.082105015683092,91824.68707863607,22469419.0,1580,2.3484725651268262e-05
2019-01-29,60.60080063534273,59.63449412013548,65.04302951021411,60.60080063534273,59.63449412013548,0.9663065152072517,95645.61078971601,21634369.0,1911,1.2769286011080853e-05
2019-01-30,59.00972407681838,58.18074132300377,28.539740188636685,59.00972407681838,58.18074132300377,0.8289827538146071,87949.80291146056,33410824.0,1543,1.5136287714492217e-05
2019-01-31,91.62831331868718,90.54042353848985,49.01630457249208,91.62831331868718,90.54042353848985,1.0878897801973262,84165.34934327147,25635771.0,1579,9.881391027526869e-06
2019-02-01,113.49591855729227,112.43469201263386,84.49192840063672,113.49591855729227,112.43469201263386,1.061226544658414,86522.88651364803,20674084.0,1508,4.981613744602083e-05
2019-02-04,45.8583790377332,44.63069400257491,24.087499202737725,45.8583790377332,44.63069400257491,1.2276850351582822,87741.40114604689,18875742.0,2167,1.5323650188654926e-05
2019-02-05,46.06784771947309,44.95090504251056,20.39729836166792,46.06784771947309,44.95090504251056,1.1169426769625312,91382.8873516791,22230549.0,1847,3.277765485924469e-05
2019-02-06,32.13477243592239,31.059523303937226,10.192378733564524,32.13477243592239,31.059523303937226,1.075249131985169,91392.65696272792,18483188.0,1760,1.3186114606918294e-05
2019-02-07,49.053255453427354,46.868987527856724,30.527536936686083,49.053255453427354,46.868987527856724,2.184267925570629,152163.40780331995,21014474.0,1266,1.8165562252633835e-05
2019-02-08,51.13956226089089,48.526446960028906,20.098396574617702,51.13956226089089,48.526446960028906,2.613115300861982,152472.63051966816,17075949.0,1608,2.7608373577200245e-05
2019-02-11,161.43109055442517,158.22498748853607,115.37237420585205,161.43109055442517,158.22498748853607,3.206103065889094,153789.3967421091,15571637.0,1956,4.952667900255845e-05
2019-02-12,74.23295687831043,71.23691356915946,53.39409580388404,74.23295687831043,71.23691356915946,2.996043309150974,152629.64504889437,17451884.0,1996,4.3902962488972136e-05
2019-02-13,86.06382989971131,82.98121978945782,51.760741283196765,86.06382989971131,82.98121978945782,3.0826101102534826,159765.76253776907,15909830.0,2100,9.468757479523114e-06
2019-02-14,27.845587085992154,25.340039285924096,27.457932855358774,27.845587085992154,25.340039285924096,2.505547800068061,158232.00686142518,17194742.0,1780,2.8245142279473716e-05
2019-02-15,144.15760632293055,141.4281406474645,74.6680367817838,144.15760632293055,141.4281406474645,2.729465675466055,159871.91023814993,19455522.0,1933,1.797152460112733e-05
2019-02-19,103.55082002850389,101.16677089818536,81.21324365446934,103.55082002850389,101.16677089818536,2.384049130318519,159791.97429819583,15762037.0,2140,5.871519102188318e-05
2019-02-20,46.64667005871783,44.02486838871095,55.904088064844885,46.64667005871783,44.02486838871095,2.62180167000688,162763.3345526012,16806413.0,1872,1.1890673623618498e-05
2019-02-21,112.3896082123172,109.28174423249295,41.83709449449786,112.3896082123172,109.28174423249295,3.1078639798242436,167524.5473813127,15594069.0,1832,1.2951603529933524e-05
2019-02-22,33.494819205025436,30.260810128272468,18.691063931188133,33.494819205025436,30.260810128272468,3.2340090767529666,167355.1940156638,15688581.0,1987,2.4964008498551662e-05
2019-02-25,82.33737747672185,79.11338085691978,48.37976511701222,82.33737747672185,79.11338085691978,3.223996619802064,172641.6988132114,16403815.0,1981,7.213665503054322e-05
2019-02-26,-5.359050392161463,-8.462856138883755,-30.186897472730596,-5.359050392161463,-8.462856138883755,3.103805746722292,177614.9734264595,13342599.0,2160,5.166762433225699e-05
2019-02-27,105.1320258381274,100.86169499697722,105.47022092334078,105.1320258381274,100.86169499697722,4.270330841150184,187439.85971129575,15750942.0,2232,4.916175609637543e-05
2019-02-28,69.7407093936629,65.59812957708819,78.34670750445152,69.7407093936629,65.59812957708819,4.14257981657471,192717.22592102262,12584384.0,2299,3.5408352402903425e-05
2019-03-01,17.56749608689564,13.628391135250698,22.322708721471148,17.56749608689564,13.628391135250698,3.939104951644942,193705.1700680818,16037716.0,1969,4.9515459530859683e-05
2019-03-04,94.74840457222213,91.10922188810565,80.02032069639708,94.74840457222213,91.10922188810565,3.63918268411647,203807.26683733056,18365453.0,1338,1.253497149414785e-05
2019-03-05,144.26478561956532,139.4963644416395,80.17525097356179,144.26478561956532,139.4963644416395,4.768421177925815,204142.04332909515,13173505.0,1907,8.355300172805808e-05
2019-03-06,96.4051830599733,92.85811524622049,70.32651909343008,96.4051830599733,92.85811524622049,3.5470678137527956,205964.834981487,16760965.0,1664,3.263182910761062e-05
2019-03-07,101.43223847962216,96.87983273496731,115.8375419844908,101.43223847962216,96.87983273496731,4.552405744654853,205376.31043326735,16204670.0,1402,4.6886972670703324e-05
2019-03-08,68.99338772062616,64.61870123501093,36.53527740963354,68.99338772062616,64.61870123501093,4.374686485615236,207605.91247176222,12592013.0,1520,2.767627677177184e-05
2019-03-11,163.9916823178857,160.55791229101277,105.89897569029158,163.9916823178857,160.55791229101277,3.4337700268729403,205708.93362082285,16042601.0,1806,2.4932739851091258e-05
2019-03-12,80.21893080288602,76.96603005529735,87.81700105705033,80.21893080288602,76.96603005529735,3.2529007475886784,201178.15266730828,16360609.0,1778,2.7784883597858682e-05
2019-03-13,118.7230444688795,114.82856922907153,100.01092933312891,118.7230444688795,114.82856922907153,3.8944752398079645,200386.96252465484,15924210.0,1864,2.764480704585329e-05
2019-03-14,61.010509862048686,56.46725015792089,31.692553115288685,61.010509862048686,56.46725015792089,4.543259704127797,201107.28417504416,14969597.0,2163,1.786633327217549e-05
2019-03-15,181.79100728047445,177.3977912309323,138.4165271265855,181.79100728047445,177.3977912309323,4.393216049542115,204130.37709738675,17928237.0,1829,1.206055173638953e-05
2019-03-18,107.66536228811832,103.7939448701017,44.637157820772394,107.66536228811832,103.7939448701017,3.871417418016617,208956.3696602961,13630861.0,1988,1.130914441886384e-05
2019-03-19,12.453420795394319,7.986699752399466,-54.069531362002955,12.453420795394319,7.986699752399466,4.466721042994852,199498.82019259743,27710802.0,1693,2.453484828302074e-05
2019-03-20,257.38881297790743,252.86363419050048,184.3438750365157,257.38881297790743,252.86363419050048,4.525178787406974,195010.97514454217,21974540.0,1584,3.10733636861301e-05
2019-03-21,26.60282517556198,22.59635265062963,-20.8049075795585,26.60282517556198,22.59635265062963,4.006472524932349,181208.16302931725,23383128.0,1642,8.226361076814616e-05
2019-03-22,239.67552319432488,236.6651953348088,183.15995945481936,239.67552319432488,236.6651953348088,3.010327859516063,183680.9772260288,21987952.0,1083,3.079138040176162e-05
2019-03-25,49.00205370041807,45.98014288013331,55.60961987327778,49.00205370041807,45.98014288013331,3.0219108202847584,180962.28495759296,16716740.0,1260,2.5505987115559313e-05
2019-03-26,118.52715467385009,115.52220778939774,90.36373225322606,118.52715467385009,115.52220778939774,3.004946884452347,174025.07896782467,17508662.0,1569,2.426939176764796e-05
2019-03-27,149.49374831869943,146.45112371278293,120.44059872213546,149.49374831869943,146.45112371278293,3.042624605916498,178365.41308030265,18296838.0,1340,4.042540618791785e-05
2019-03-28,108.57242638534613,105.50845151193383,57.80585754368836,108.57242638534613,105.50845151193383,3.063974873412314,175613.12114666455,14773395.0,1816,5.466805074045292e-05
2019-03-29,-2.7480945112830106,-5.926229756593754,14.816137075845532,-2.7480945112830106,-5.926229756593754,3.1781352453107417,168195.18971378732,15622894.0,1800,1.620914875680087e-05
2019-04-01,135.97594315915845,132.49419961574108,88.59929425850889,135.97594315915845,132.49419961574108,3.481743543417354,164346.41170499302,15777676.0,1797,2.24294162479934e-05
2019-04-02,39.78426206852069,36.214150778646946,44.05228349872741,39.78426206852069,36.214150778646946,3.570111289873746,165557.68361253242,14668604.0,2021,2.1773777874355176e-05
2019-04-03,151.74833279441566,148.89574786601437,92.9207024089756,151.74833279441566,148.89574786601437,2.852584928401271,153336.72535921112,26063645.0,1761,7.16580224604235e-05
2019-04-04,52.314267648921096,49.29835246654041,50.15075264999825,52.314267648921096,49.29835246654041,3.0159151823806862,155790.65525182078,16784843.0,2147,5.0533308446994914e-05
2019-04-05,92.51255531651931,88.8284799761532,58.23372404830331,92.51255531651931,88.8284799761532,3.684075340366115,157163.9209281919,14297602.0,2277,4.8699051193613194e-05
2019-04-08,154.59715367056748,151.6158718451182,90.49736739127496,154.59715367056748,151.6158718451182,2.981281825449304,158371.60821930354,15133962.0,2405,5.253170076527679e-05
2019-04-09,131.74184438796573,128.0596077113988,116.6028520705521,131.74184438796573,128.0596077113988,3.6822366765669106,157112.83583487853,16520980.0,2190,6.565032054494657e-05
2019-04-10,22.705813794608964,18.732699888433036,-0.37871172928657904,22.705813794608964,18.732699888433036,3.973113906175938,157809.71991413724,13988819.0,2260,6.5729283835308e-05
2019-04-11,47.0626830655704,43.35653258159528,30.494031046563208,47.0626830655704,43.35653258159528,3.706150483975119,154542.86285025696,12122273.0,2114,5.736314194691465e-05
2019-04-12,198.6397020962453,195.16843031091605,140.413632720698,198.6397020962453,195.16843031091605,3.4712717853292356,150004.0567579967,16010178.0,2102,3.850763228797975e-05
2019-04-15,-21.05815809890997,-24.7754213119233,27.671800720400693,-21.05815809890997,-24.7754213119233,3.7172632130133314,149666.5238935647,12345001.0,2274,5.085333985704779e-05
2019-04-16,71.55010793990581,68.79402002869013,19.538708892149447,71.55010793990581,68.79402002869013,2.756087911215676,148462.5027340159,15368799.0,2132,1.7052667981022782e-05
2019-04-17,120.24838784095341,117.25698811826732,107.13481697027257,120.24838784095341,117.25698811826732,2.991399722686109,148037.54086562444,14757120.0,1940,4.965329584092895e-05
2019-04-18,129.41919726284493,126.28272612840962,92.31314477570795,129.41919726284493,126.28272612840962,3.136471134435296,144705.14092145683,12574630.0,2356,2.1984327402640858e-05
2019-04-22,25.989054927366247,21.940363338289426,-6.6068398119302705,25.989054927366247,21.940363338289426,4.048691589076819,144809.86904526694,11070336.0,2281,6.487643493172464e-05
2019-04-23,121.60044483960671,118.22878936705443,73.30192415232625,121.60044483960671,118.22878936705443,3.3716554725522783,147130.76431741062,14511266.0,2195,0.00012686188414823027
2019-04-24,182.09759869273236,177.41531565502913,114.71456265356427,182.09759869273236,177.41531565502913,4.682283037703216,147924.40654999012,15167249.0,2301,1.946400266685735e-05
2019-04-25,127.27971283477129,123.07986194562696,100.50637822817595,127.27971283477129,123.07986194562696,4.199850889144332,155141.39375358494,16067247.0,2149,3.157194679847641e-05
2019-04-26,186.3065035825704,182.53714048745002,132.35300749724274,186.3065035825704,182.53714048745002,3.769363095120397,155279.64744688277,14772721.0,2225,6.0067203646658916e-05
2019-04-29,113.51792590836214,109.30757434529909,59.852297289126916,113.51792590836214,109.30757434529909,4.21035156306305,150595.77617520362,14346957.0,2321,3.300149839879628e-05
2019-04-30,168.18355449015363,164.12665834210793,152.44856864206582,168.18355449015363,164.12665834210793,4.0568961480456665,154514.23182245524,18652230.0,2085,1.5036742883114544e-05
2019-05-01,179.71873705842435,176.87161870516678,189.2035127870928,179.71873705842435,176.87161870516678,2.8471183532575606,147644.72684662108,25264566.0,1752,2.15321369453964e-05
2019-05-02,87.65306240100789,84.4105847607319,53.67298933834623,87.65306240100789,84.4105847607319,3.2424776402759887,149203.0456813924,20224529.0,1470,4.001328685629658e-05
2019-05-03,-22.845359391712027,-25.61353462366108,-39.65327644642496,-22.845359391712027,-25.61353462366108,2.7681752319490576,144018.16059936586,15455294.0,2187,4.9919836620633944e-05
2019-05-06,156.19105337578185,152.53083691522232,108.14176477253159,156.19105337578185,152.53083691522232,3.660216460559516,149531.3536326608,17232100.0,1927,1.7541725425582228e-05
2019-05-07,133.08784707258232,129.39456704362436,86.44355971667163,133.08784707258232,129.39456704362436,3.6932800289579637,151344.46261885462,21541987.0,1075,2.7232238375750114e-05
2019-05-08,109.32987309118575,107.01692519627211,58.63457449986036,109.32987309118575,107.01692519627211,2.312947894913646,143238.35832065795,17184538.0,1656,4.65684254754324e-05
2019-05-09,69.60041968231673,67.43677184995194,54.47967388490006,69.60041968231673,67.43677184995194,2.1636478323647808,143237.8415245528,19628326.0,1157,1.7020142323599354e-05
2019-05-10,62.003791940513985,59.810403717523734,35.04063222175164,62.003791940513985,59.810403717523734,2.193388222990259,145135.94018096622,19976345.0,1169,4.543679589153623e-05
2019-05-13,61.56053624047144,58.71400669165901,30.051562867235578,61.56053624047144,58.71400669165901,2.846529548812429,143279.8371019823,22823008.0,919,8.226602181894501e-05
2019-05-14,135.35855536945252,132.44296194709707,103.63929104350709,135.35855536945252,132.44296194709707,2.9155934223554176,137607.5881862294,18740264.0,1647,1.9717433661127585e-05
2019-05-15,34.15921197411467,31.927972870624032,-3.4150363071882532,34.15921197411467,31.927972870624032,2.231239103490642,134293.6364324188,15958842.0,1735,6.878862156150546e-06
2019-05-16,26.666892442367363,24.251703689543838,13.61488615926504,26.666892442367363,24.251703689543838,2.4151887528235263,135034.11197225715,18861670.0,1827,2.0285695866576072e-05
2019-05-17,133.68650725681653,131.297913129756,90.68381519351074,133.68650725681653,131.297913129756,2.3885941270605127,131525.22832786955,18824492.0,1538,4.5329853886919694e-05
2019-05-20,95.00242517460413,92.68438956949656,74.34408676309917,95.00242517460413,92.68438956949656,2.318035605107581,140540.0210755242,18699048.0,1466,2.061637326433225e-05
2019-05-21,79.88978483230068,77.32471908161388,72.16763996684091,79.88978483230068,77.32471908161388,2.5650657506867933,137187.68012186373,15642309.0,1779,2.072278585900398e-05
2019-05-22,71.5303708318309,69.24195486717736,62.600773119302374,71.5303708318309,69.24195486717736,2.2884159646535465,140357.83325581576,15233221.0,2127,5.339305973560634e-05
2019-05-23,62.48068951057846,59.51027313561699,40.2198121828785,62.48068951057846,59.51027313561699,2.9704163749614674,148676.42455577635,19979629.0,1399,3.506614025241219e-05
2019-05-24,165.50037724759522,162.13122233794635,58.52347415372348,165.50037724759522,162.13122233794635,3.3691549096488718,148689.26553502274,14586760.0,1887,2.2213704161429855e-05
2019-05-28,-11.181160803860285,-13.257715615421063,-27.450475787624917,-11.181160803860285,-13.257715615421063,2.076554811560775,146806.2588935577,25120727.0,1635,1.7416610945635767e-05
2019-05-29,125.04039769991945,122.7095556941361,97.74917000768549,125.04039769991945,122.7095556941361,2.330842005783348,152011.6799574964,20818030.0,1049,4.110848163900319e-05
2019-05-30,90.92397228583845,88.22024150529671,61.66713168970933,90.92397228583845,88.22024150529671,2.7037307805417266,151623.35951367853,15896957.0,1807,1.6864071087512104e-05
2019-05-31,94.92489763999039,91.88998293407867,38.476227713189594,94.92489763999039,91.88998293407867,3.034914705911714,158296.70800953373,17129320.0,1771,9.635702472299756e-06
2019-06-03,203.65505718933554,201.42252952258366,163.99108208255103,203.65505718933554,201.42252952258366,2.2325276667519045,151847.74129717879,26032014.0,1009,7.278535017781778e-05
2019-06-04,-26.502341518665467,-28.709951826164595,22.55740330614459,-26.502341518665467,-28.709951826164595,2.207610307499132,151268.4277370638,23786689.0,1474,1.1555671118251535e-05
2019-06-05,123.11485578126789,120.91202270972963,106.88282888268526,123.11485578126789,120.91202270972963,2.2028330715382536,149410.6622519778,18012188.0,1685,3.105522914057811e-05
2019-06-06,-2.9449069957707152,-4.624325175865304,-37.971388277723335,-2.9449069957707152,-4.624325175865304,1.6794181800945887,144800.0754446221,23008245.0,1992,1.2872634539223176e-05
2019-06-07,-1.3789277505508664,-3.339552400695246,15.145029946573636,-1.3789277505508664,-3.339552400695246,1.9606246501443796,139925.7735589505,17847435.0,1877,2.0933399034235692e-05
2019-06-10,152.1560970490871,149.90026667846166,90.41820241910865,152.1560970490871,149.90026667846166,2.255830370625421,140592.88404581163,19557908.0,2130,5.339588002382607e-05
2019-06-11,119.2897839786626,116.99677129845763,138.98637752406253,119.2897839786626,116.99677129845763,2.2930126802049653,144224.53181237748,16790369.0,1922,1.4122281128002318e-05
2019-06-12,58.95806782900202,56.14973262121828,28.831556317286694,58.95806782900202,56.14973262121828,2.8083352077837427,143429.42198121955,13669856.0,2064,1.8076219355926335e-05
2019-06-13,159.32339980202445,156.70989176086806,128.13570268003463,159.32339980202445,156.70989176086806,2.6135080411564156,147081.68818753667,15668639.0,2241,1.0948784376058934e-05
2019-06-14,64.09560294325611,60.749790601993766,35.523255702596444,64.09560294325611,60.749790601993766,3.345812341262346,148065.38030620574,14530829.0,2125,2.2816376536292373e-05
2019-06-17,111.0848079281297,108.74811421455942,78.82973224277279,111.0848079281297,108.74811421455942,2.3366937135702823,156168.78439757376,15342797.0,2177,4.794623924122456e-05
2019-06-18,112.21616030421822,109.9310654431224,79.41631835061126,112.21616030421822,109.9310654431224,2.2850948610958084,149756.407555432,18524125.0,1861,2.8508678462215153e-05
2019-06-19,131.12129447871138,128.2240803185695,101.10764436138479,131.12129447871138,128.2240803185695,2.8972141601418784,148378.51181832288,16158671.0,1982,2.9515349325535395e-05
2019-06-20,117.47523494425448,115.3705791155056,104.37917674832083,117.47523494425448,115.3705791155056,2.104655828748875,147905.48187475678,16375363.0,1677,1.802705532874298e-05
2019-06-21,116.8169605405094,114.53421340432146,80.15027783413458,116.8169605405094,114.53421340432146,2.2827471361879175,144659.23022236113,16476268.0,1940,3.214599659053763e-05
2019-06-24,33.47973118781208,31.401704386082738,9.663706295873851,33.47973118781208,31.401704386082738,2.0780268017293384,147898.46297885734,13663257.0,2026,1.9010219733009046e-05
2019-06-25,179.71258710511535,177.65768153057758,120.55499616705272,179.71258710511535,177.65768153057758,2.0549055745377856,150854.68342541682,17399137.0,1653,5.34941173425041e-05
2019-06-26,52.00961929016559,49.15391810774875,42.92963487206981,52.00961929016559,49.15391810774875,2.8557011824168375,149315.71707734352,15899611.0,1740,1.839821860052691e-05
2019-06-27,56.65170395418729,53.95354917127645,35.609665058758246,56.65170395418729,53.95354917127645,2.6981547829108425,150157.05763911584,14491517.0,2211,1.9423302515801845e-05
2019-06-28,108.24636384313341,105.70932867352222,79.33394959167977,108.24636384313341,105.70932867352222,2.5370351696111806,148350.04536434705,14043994.0,2131,1.512547218229568e-05
2019-07-01,140.01335850362463,137.3716373950618,124.3555341173117,140.01335850362463,137.3716373950618,2.641721108562825,151836.26555284573,16797887.0,1845,8.433521164503365e-05
2019-07-02,43.96558691854885,41.13851284904686,29.258515627264345,43.96558691854885,41.13851284904686,2.8270740695019896,157008.07155703325,14687681.0,2011,2.4042340665016756e-05
2019-07-03,66.69548449537218,65.68756335064744,37.1236983538652,66.69548449537218,65.68756335064744,1.0079211447247447,82634.84261832791,8546469.0,862,3.7193101424758384e-06
2019-07-05,-56.87973953298647,-59.7984675250819,-34.6819393614118,-56.87973953298647,-59.7984675250819,2.918727992095426,149832.73162128116,12003453.0,2259,1.7618860513880617e-05
2019-07-08,52.07653067639399,49.632046999254705,39.92755234151799,52.07653067639399,49.632046999254705,2.444483677139283,153683.85779343583,14776188.0,1982,1.6863183056989557e-05
2019-07-09,-47.40322677873371,-50.19167222401168,-52.51234456231682,-47.40322677873371,-50.19167222401168,2.7884454452779774,150732.79985020153,16340502.0,2201,1.687626019813129e-05
2019-07-10,45.35153876506171,42.40118988233773,20.160014373692018,45.35153876506171,42.40118988233773,2.9503488827239788,152918.68626028698,15471493.0,1838,7.798365946444478e-05
2019-07-11,108.15058339031327,104.36082554664345,128.47329875560078,108.15058339031327,104.36082554664345,3.7897578436698223,153955.5486798804,15605758.0,1979,2.5822706930279073e-05
2019-07-12,53.655163181465134,49.594432258935505,26.740735990685543,53.655163181465134,49.594432258935505,4.060730922529628,150226.05625974401,13644856.0,2310,6.132258165626194e-05
2019-07-15,-26.06010352326054,-29.482249516753,-23.110466877351175,-26.06010352326054,-29.482249516753,3.4221459934924625,152688.3778770538,15400439.0,2430,2.783884507824907e-05
2019-07-16,142.09952464788995,138.0102709265353,109.81744807187577,142.09952464788995,138.0102709265353,4.089253721354643,155139.88981173455,15238995.0,2154,5.057134520746941e-05
2019-07-17,142.84572501227296,137.1314408236319,120.2365761372018,142.84572501227296,137.1314408236319,5.714284188641076,158147.15213202842,14323366.0,2313,0.00015132531763199856
2019-07-18,105.48716204212711,101.73987766403027,60.083834566776964,105.48716204212711,101.73987766403027,3.747284378096854,164157.6833277256,15012932.0,1963,1.707031488429285e-05
2019-07-19,163.58550059384794,159.77581985825435,100.23000394173941,163.58550059384794,159.77581985825435,3.8096807355935707,165000.00280597716,13387935.0,2057,3.628209272734439e-05
2019-07-22,69.4597120344248,64.43832925085545,69.25517798107504,69.4597120344248,64.43832925085545,5.021382783569352,167708.70322989003,13417463.0,2215,2.8286711935518696e-05
2019-07-23,25.627860325192827,21.84022352069086,22.820086601266247,25.627860325192827,21.84022352069086,3.787636804501968,168551.27460067678,12705039.0,2209,1.9132774558473206e-05
2019-07-24,-8.102234019137558,-11.502385113679216,-45.92524094850421,-8.102234019137558,-11.502385113679216,3.400151094541658,167814.5296469722,14308407.0,2194,2.4560517139592964e-05
2019-07-25,186.2274179313562,181.90990109773907,123.61201008711664,186.2274179313562,181.90990109773907,4.31751683361712,174834.60065816288,13883263.0,1960,2.8245338098133378e-05
2019-07-26,67.8088485161597,63.50722864758163,56.49448505513115,67.8088485161597,63.50722864758163,4.301619868578079,170414.1228386093,14013923.0,2225,7.33995707247698e-05
2019-07-29,142.12392729910619,137.976142164161,162.7511805308937,142.12392729910619,137.976142164161,4.147785134945171,178172.54311838848,15390541.0,2250,1.4107639107927055e-05
2019-07-30,59.95745037123607,55.53537634329681,17.03924372465149,59.95745037123607,55.53537634329681,4.422074027939265,181500.96131741244,15066242.0,2032,4.747496356738768e-05
2019-07-31,284.49205043397495,280.6381889260366,248.65767338659884,284.49205043397495,280.6381889260366,3.8538615079383125,174681.31775027717,27391606.0,1630,1.2470441446905744e-05
2019-08-01,116.23031477221387,113.57190884616324,102.17493497406542,116.23031477221387,113.57190884616324,2.6584059260506407,171979.05410554976,24453888.0,1348,2.916395371396745e-05
2019-08-02,174.56711918691138,171.3539604775053,126.36948766133558,174.56711918691138,171.3539604775053,3.2131587094060787,177030.50335407653,18142460.0,1380,3.093926488288891e-05
2019-08-05,240.14552398608302,236.259695800112,139.82771808160578,240.14552398608302,236.259695800112,3.8858281859709907,181883.04621428056,21917512.0,1124,5.629987611382728e-05
2019-08-06,82.27849991361312,79.44065723410326,66.85008844223375,82.27849991361312,79.44065723410326,2.8378426795098575,172295.63664982593,18231164.0,1233,1.499267629881786e-05
2019-08-07,212.0523990249972,209.43059332169426,150.4406065010515,212.0523990249972,209.43059332169426,2.6218057033029307,164285.7852805309,17102636.0,1072,2.7046835979817e-05
2019-08-08,-0.007801474347031601,-2.1253708048329587,-3.1880707132685044,-0.007801474347031601,-2.1253708048329587,2.1175693304859307,149478.57637871808,26891731.0,1621,1.0271597842713022e-05
2019-08-09,195.40060706857784,193.56296010135503,143.98969250364277,195.40060706857784,193.56296010135503,1.8376469672228133,116753.90361134,19675221.0,1515,3.8123624902379355e-05
2019-08-12,198.73288578642988,197.03408107484117,135.47355475560437,198.73288578642988,197.03408107484117,1.6988047115887082,119499.93750021326,19353546.0,1555,2.167808089237535e-05
2019-08-13,136.87313165068485,134.90224288254598,110.52337862618221,136.87313165068485,134.90224288254598,1.9708887681388814,112685.73300585225,20997234.0,1234,0.00012775067739773232
2019-08-14,216.1620935940456,214.49011065554703,163.52698336870776,216.1620935940456,214.49011065554703,1.6719829384985756,118276.73360921678,22135130.0,914,5.235217585135526e-05
2019-08-15,202.6659276558506,201.31881758051335,145.30742936605023,202.6659276558506,201.31881758051335,1.3471100753372434,118812.24827175762,16085754.0,1059,4.889659622613129e-05
2019-08-16,54.62887113112842,53.018483985245076,54.07191442698293,54.62887113112842,53.018483985245076,1.6103871458833439,111965.35746276108,17104051.0,1760,1.8477287265048045e-05
2019-08-19,25.203869778088873,23.93935845054661,17.781345610809634,25.203869778088873,23.93935845054661,1.2645113275422624,105960.05625350111,15977016.0,1956,1.9761747543383304e-05
2019-08-20,96.35527717475625,94.94853469212129,67.3484064680397,96.35527717475625,94.94853469212129,1.406742482634966,108047.70304616696,13450977.0,1913,2.6987199637393494e-05
2019-08-21,45.06081536248556,43.50511313984835,23.549194726945913,45.06081536248556,43.50511313984835,1.5557022226372066,103400.71438233698,11932043.0,2041,7.587057534488412e-05
2019-08-22,25.701747937915673,23.856444096253618,63.567842293834296,25.701747937915673,23.856444096253618,1.8453038416620529,104828.56030935774,13782103.0,1870,4.0669422612407065e-05
2019-08-23,245.2526917320652,243.80201646794416,146.62303015737416,245.2526917320652,243.80201646794416,1.450675264121039,108642.75242903041,20694925.0,1117,8.731830203679192e-05
2019-08-26,64.25529523843419,62.36706850404967,82.15691068578126,64.25529523843419,62.36706850404967,1.8882267343845234,108484.82501891672,12696463.0,1662,9.635738970128921e-05
2019-08-27,91.03835718587456,89.39205630769048,66.47009693434138,91.03835718587456,89.39205630769048,1.6463008781840824,108899.817726962,13841582.0,1641,2.3119761838312616e-05
2019-08-28,140.33663733388215,138.8297355029657,57.74080212631843,140.33663733388215,138.8297355029657,1.5069018309164621,105043.85007868447,15214409.0,1566,1.2261034626965964e-05
2019-08-29,14.458803094646527,11.911297676997686,30.294083205748553,14.458803094646527,11.911297676997686,2.547505417648842,102001.65425053998,13299498.0,1935,5.0924512326865206e-05
2019-08-30,-12.981844158468355,-14.819639189909065,20.611111979800228,-12.981844158468355,-14.819639189909065,1.8377950314407112,106756.54728053913,11874601.0,1895,2.363828915000766e-05
2019-09-03,56.13218284187853,54.59446500891301,-48.16417388775794,56.13218284187853,54.59446500891301,1.5377178329655186,109131.99052785158,13477316.0,1449,4.3163694110819345e-05
2019-09-04,36.114894894902605,34.1548222398086,56.860268963137614,36.114894894902605,34.1548222398086,1.960072655093999,107404.40664169718,13393219.0,2104,1.1921697400262888e-05
2019-09-05,38.256975745497726,36.453678619014994,15.25891847511705,38.256975745497726,36.453678619014994,1.803297126482733,107282.36709656245,16033612.0,1794,4.370810874022112e-05
2019-09-06,102.77437904139278,101.04379651693345,91.81898570189347,102.77437904139278,101.04379651693345,1.7305825244593258,108586.26816195555,13596686.0,2127,2.7105505449639512e-05
2019-09-09,33.19803088044072,31.55579968911384,64.06268053207295,33.19803088044072,31.55579968911384,1.6422311913268812,114203.95026194441,16342045.0,1890,3.213654306267724e-05
2019-09-10,154.2198943278149,152.57607858629706,146.10101317481062,154.2198943278149,152.57607858629706,1.6438157415178516,116306.97639494565,16538091.0,1603,4.438259529898869e-05
2019-09-11,132.91020788354803,131.1954329771561,63.6652782189793,132.91020788354803,131.1954329771561,1.7147749063919413,115006.96226207774,16527692.0,1927,2.009196731659715e-05
2019-09-12,96.392297520299,94.27562680240581,63.08606833405727,96.392297520299,94.27562680240581,2.116670717893183,117754.32738154601,16031396.0,1832,5.1956806341418e-05
2019-09-13,-39.6434812450258,-41.39179944305566,-24.39092691309282,-39.6434812450258,-41.39179944305566,1.7483181980298625,119093.1781383266,13917292.0,2091,4.295417672006052e-05
2019-09-16,115.73004990728165,113.52331747436716,82.72224386509563,115.73004990728165,113.52331747436716,2.2067324329145097,122239.74039302113,13676270.0,1827,4.4151382806531514e-05
2019-09-17,17.197585048200157,15.151868648988886,4.434251339539702,17.197585048200157,15.151868648988886,2.045716399211276,119351.76067622931,14272075.0,1959,5.483626233403744e-05
2019-09-18,191.54820643229706,189.9992549947671,120.96280762115256,191.54820643229706,189.9992549947671,1.5489514375299618,92679.04582434893,10381775.0,1578,1.243375664086327e-05
2019-09-19,94.39357260843298,91.72159599016713,84.60178824275413,94.39357260843298,91.72159599016713,2.6719766182658495,121449.87231101589,13467097.0,1902,2.2371443881070707e-05
2019-09-20,138.835404335406,136.46539174996752,140.61709293682367,138.835404335406,136.46539174996752,2.3700125854384524,125800.39234055999,15173840.0,1731,4.3505134549868315e-05
2019-09-23,-45.52896353184579,-48.295291634498234,-58.66217716100378,-45.52896353184579,-48.295291634498234,2.766328102652441,127590.83490347759,11279811.0,2194,1.3895650147424373e-05
2019-09-24,279.83466348948997,277.48376595357803,226.83589965191587,279.83466348948997,277.48376595357803,2.350897535911932,130807.8600057116,17814417.0,1473,1.5259595956112934e-05
2019-09-25,34.378437806123074,31.71483634070467,35.92943764511238,34.378437806123074,31.71483634070467,2.663601465418398,136452.24948312386,14924657.0,1962,3.1926315034007425e-05
2019-09-26,185.27840190923627,182.24424887162277,155.29254232852898,185.27840190923627,182.24424887162277,3.0341530376135024,134928.7551988533,12412238.0,1965,3.190846319901351e-05
2019-09-27,226.80726124626395,224.10521750321078,182.45146632050685,226.80726124626395,224.10521750321078,2.702043743053158,133951.66148521597,14680384.0,1722,6.445012312655882e-05
2019-09-30,85.65508196990739,82.62395038286341,38.03169308742198,85.65508196990739,82.62395038286341,3.0311315870439706,135833.36461026582,12673124.0,2297,1.8725154227776174e-05
2019-10-01,161.04137276535312,158.75491094942788,123.62598965640451,161.04137276535312,158.75491094942788,2.2864618159252705,131734.23419294498,13715594.0,1695,9.668214157994125e-05
2019-10-02,198.44662772587557,195.5474979786383,151.3315973532589,198.44662772587557,195.5474979786383,2.8991297472372803,137724.28944891915,15316803.0,1362,1.9173235531248423e-05
2019-10-03,116.10954610439582,113.81230446953595,77.79477026545604,116.10954610439582,113.81230446953595,2.297241634859864,132332.97276758525,14686182.0,1679,3.205528325084298e-05
2019-10-04,5.935402073402741,3.2732829755100097,-24.288790567359978,5.935402073402741,3.2732829755100097,2.662119097892729,125030.90547396937,12391577.0,1998,1.510474513085171e-05
2019-10-07,90.69179574819073,88.46975088279414,64.89409224758774,90.69179574819073,88.46975088279414,2.222044865396593,124372.18148987135,11972137.0,1918,1.207882980843645e-05
2019-10-08,159.32420267660473,156.93105758020494,115.93841007234052,159.32420267660473,156.93105758020494,2.393145096399781,125283.38699331245,14054838.0,1450,1.2972731090221318e-05
2019-10-09,37.66513331133173,35.23749698443164,32.82201929114065,37.66513331133173,35.23749698443164,2.4276363269000996,118725.78996862177,11494580.0,1974,1.7276990737466935e-05
2019-10-10,54.49592142418905,52.18501957104072,31.745442153596,54.49592142418905,52.18501957104072,2.3109018531483234,120185.6353602578,12765047.0,1818,2.254811657629004e-05
2019-10-11,122.50837338214734,120.62461940355522,54.7672557934069,122.50837338214734,120.62461940355522,1.8837539785921464,114976.00826208599,16922641.0,1821,1.3451811508028572e-05
2019-10-14,-53.06582919744998,-55.58367235755352,-28.88677687250659,-53.06582919744998,-55.58367235755352,2.5178431601035327,112292.798075713,11315241.0,2243,7.128626929164814e-05
2019-10-15,40.25851984557351,37.269122728684394,-23.627918370547963,40.25851984557351,37.269122728684394,2.989397116889124,111227.08055525023,12178428.0,2182,2.052180607990703e-05
2019-10-16,57.656087561276195,55.428131494681864,22.07663927514327,57.656087561276195,55.428131494681864,2.227956066594336,114389.66073119856,12018261.0,2123,3.280792402507083e-05
2019-10-17,67.93082217828548,65.54705349516567,79.53797653762152,67.93082217828548,65.54705349516567,2.3837686831198166,109475.84316525204,9996685.0,2056,1.8078780159307584e-05
2019-10-18,156.4751558376088,154.73986809115962,122.0474013408847,156.4751558376088,154.73986809115962,1.7352877464491954,112535.87995164232,12808246.0,1843,5.375963153653491e-05
2019-10-21,-32.4603383235371,-34.42305714845114,-14.194346540778717,-32.4603383235371,-34.42305714845114,1.9627188249140417,109901.58452477159,13082026.0,2417,1.386128342176095e-05
2019-10-22,138.01632396993975,135.63693704777768,64.23477107015505,138.01632396993975,135.63693704777768,2.37938692216209,111430.45393521803,11545364.0,1931,8.713028023311974e-05
2019-10-23,-9.970095595722444,-12.359603743870894,12.55670428891249,-9.970095595722444,-12.359603743870894,2.3895081481484484,112788.18940215607,10361737.0,2277,0.0001594956484267937
2019-10-24,105.8186418694159,103.57103840222372,8.819082563965436,105.8186418694159,103.57103840222372,2.2476034671921825,111083.7794933778,12559773.0,2265,3.4853016654052296e-05
2019-10-25,-164.49345135062433,-166.52646181252211,-129.5758447770434,-164.49345135062433,-166.52646181252211,2.033010461897802,110133.25837649897,14370337.0,2147,3.147229001142216e-05
2019-10-28,-23.977489887838242,-25.679950222142768,-62.33774566596957,-23.977489887838242,-25.679950222142768,1.7024603343045235,109473.92862798148,13063791.0,2035,4.956567380710574e-05
2019-10-29,145.8435068086488,143.63361085582463,101.94951146214669,145.8435068086488,143.63361085582463,2.209895952824204,111132.90260325845,14919321.0,1940,3.8804776628051734e-05
2019-10-30,-21.31976189687959,-23.721819104231123,-5.071021462228745,-21.31976189687959,-23.721819104231123,2.4020572073515396,109379.44207596924,15453762.0,2000,2.3818618063532423e-05
2019-10-31,120.38574129218907,118.35690554107151,45.05135255738738,120.38574129218907,118.35690554107151,2.0288357511175503,111159.10843778038,15802106.0,1924,2.3997114203988518e-05
2019-11-01,80.5009248781048,78.11131965919057,76.58288677820181,80.5009248781048,78.11131965919057,2.389605218914231,108108.92084164305,16204325.0,2136,1.222534748755018e-05
2019-11-04,48.962111009305275,46.76584597377449,15.03872358428535,48.962111009305275,46.76584597377449,2.1962650355307805,108399.92128406405,16890805.0,2213,2.5681113367408773e-05
2019-11-05,110.47806732774123,108.05512092108162,104.99008900530616,110.47806732774123,108.05512092108162,2.422946406659623,108386.09553931508,16054331.0,1920,1.2596827613005823e-05
2019-11-06,122.98518983117006,120.05438690976268,78.63289502526382,122.98518983117006,120.05438690976268,2.930802921407382,111775.12180565292,11818781.0,2165,4.12423785137165e-05
2019-11-07,80.98189572413914,78.13699328743998,108.87644872837593,80.98189572413914,78.13699328743998,2.844902436699142,109784.22905647021,12865649.0,2103,1.970451920735248e-05
2019-11-08,101.66450069596036,98.80684685763138,101.69451315270112,101.66450069596036,98.80684685763138,2.8576538383289645,112961.26846821544,10046405.0,2314,4.703455594795079e-05
2019-11-11,115.73600807738868,113.04185463340869,116.75616650273071,115.73600807738868,113.04185463340869,2.694153443979985,111173.0762227283,10829859.0,2585,3.9363096096139315e-05
2019-11-12,158.6182881217665,156.13283569423368,93.06034272190934,158.6182881217665,156.13283569423368,2.4854524275328425,111445.37134629088,12779418.0,2198,5.26350061331269e-05
2019-11-13,186.86271075344033,183.7257876908846,160.16556743147922,186.86271075344033,183.7257876908846,3.1369230625557303,111992.3476491395,13159040.0,2062,3.697353122381511e-05
2019-11-14,-43.865893839193745,-46.94809341683727,-19.662490397100928,-43.865893839193745,-46.94809341683727,3.0821995776435234,113012.78063062628,12472078.0,2148,3.6480502051208843e-05
2019-11-15,263.51067253609904,260.3563357650376,204.75882887744945,263.51067253609904,260.3563357650376,3.154336771061426,109412.10315841198,14690427.0,2135,2.170491933735093e-05
2019-11-18,3.5846742239153517,1.343181810325767,19.237493099115433,3.5846742239153517,1.343181810325767,2.241492413589584,106673.73049774545,12295747.0,2323,3.4486690765053774e-05
2019-11-19,63.62387055953795,61.26293481717668,-9.556636624261367,63.62387055953795,61.26293481717668,2.3609357423612694,105007.56856586492,15159049.0,2320,1.2659285750036909e-05
2019-11-20,63.703736799079486,61.20302555170632,111.41720927564326,63.703736799079486,61.20302555170632,2.5007112473731627,107320.88281179064,15300144.0,1925,1.7321946242321036e-05
2019-11-21,152.65586698589078,149.27933767104858,105.04094975955479,152.65586698589078,149.27933767104858,3.376529314842208,112877.59991667923,15517112.0,1960,1.625142658566295e-05
2019-11-22,104.12646485550385,100.53623691677693,55.91694478293329,104.12646485550385,100.53623691677693,3.5902279387269145,110364.01530481187,12484952.0,2336,1.2623646084690242e-05
2019-11-25,34.328454531883615,31.467522477707632,-20.835784092940614,34.328454531883615,31.467522477707632,2.8609320541759753,107342.77090880102,11360467.0,2138,4.2329711767783324e-05
2019-11-26,-81.1007362416206,-84.26378510449861,-62.253470644146844,-81.1007362416206,-84.26378510449861,3.1630488628780076,106935.66424968523,12232488.0,2220,1.9282519638702865e-05
2019-11-27,81.3077208489865,78.29256246299545,33.43126701465031,81.3077208489865,78.29256246299545,3.015158385991045,113837.55626205236,9238816.0,2498,1.719091160076161e-05
2019-11-29,93.60854937097602,91.97922122137773,100.07657749943615,93.60854937097602,91.97922122137773,1.6293281495982828,58697.570812245074,5562752.0,1185,1.9153753667170404e-05
2019-12-02,8.076910179472343,5.803566113662165,97.22088449714946,8.076910179472343,5.803566113662165,2.273344065810181,117689.88436156268,12484004.0,1846,8.608049609518285e-06
2019-12-03,45.684619446528025,43.33405088868376,8.685446491275751,45.684619446528025,43.33405088868376,2.350568557844263,117825.18541056993,13120233.0,1790,0.00011440294822092606
2019-12-04,272.14359593646003,269.46292251604774,167.07143607834445,272.14359593646003,269.46292251604774,2.6806734204123144,114524.9817896563,11677379.0,2052,3.698931132477077e-05
2019-12-05,159.38779085021378,156.66030227385448,183.66083554771706,159.38779085021378,156.66030227385448,2.727488576359289,116292.13622370221,10236843.0,2130,1.7400569423261597e-05
2019-12-06,94.98440245084683,92.34683064472635,102.89242910381908,94.98440245084683,92.34683064472635,2.6375718061204783,115932.23324014976,11098470.0,2225,4.4422003387989266e-05
2019-12-09,8.261400020410694,5.4627785173802765,-47.47605971728547,8.261400020410694,5.4627785173802765,2.7986215030304153,119381.18749315549,11301318.0,2461,3.505050975035492e-05
2019-12-10,66.57398704522572,63.522626432350094,71.49570107288568,66.57398704522572,63.522626432350094,3.0513606128756265,120729.9946344063,11065962.0,2106,2.910820393136994e-05
2019-12-11,-29.693540775393643,-34.00459909027605,29.69160782844751,-29.693540775393643,-34.00459909027605,4.311058314882409,118915.35525341048,10518923.0,2281,4.451534298916447e-05
2019-12-12,69.28601715843864,66.4940899761644,16.586615856485388,69.28601715843864,66.4940899761644,2.7919271822742395,114671.39727478978,17505139.0,1735,2.276329415730645e-05
2019-12-13,326.2893694013558,322.4145959916152,229.86572890858037,326.2893694013558,322.4145959916152,3.8747734097405893,112034.45767686071,14224341.0,1706,3.259456827487519e-05
2019-12-16,16.416945836125855,12.393215229980767,88.06303815262551,16.416945836125855,12.393215229980767,4.023730606145088,108041.6993345505,12024542.0,2172,1.4993389875734246e-05
2019-12-17,11.042022473582996,8.04403098972537,-53.925485582508024,11.042022473582996,8.04403098972537,2.9979914838576307,110077.5303065589,12439540.0,2184,3.578926523227384e-05
2019-12-18,162.2362825635848,159.2968451137099,138.32925124285964,162.2362825635848,159.2968451137099,2.9394374498748954,109359.5606605891,11271866.0,2501,2.935088061761616e-05
2019-12-19,25.54769125988026,22.5832398753082,23.38388101056382,25.54769125988026,22.5832398753082,2.9644513845720573,111385.97819578128,10503325.0,2398,3.4681983080281726e-05
2019-12-20,95.53004730782207,92.00853165100185,74.45191857462136,95.53004730782207,92.00853165100185,3.5215156568202346,111026.38283896343,14025560.0,2022,5.37900169681508e-05
2019-12-23,36.45510371267705,32.965340442657734,63.186472291502525,36.45510371267705,32.965340442657734,3.4897632700193295,106936.73958917287,11586215.0,2294,2.757864747824726e-05
2019-12-24,47.594163628136045,44.751431752029426,19.801114815053065,47.594163628136045,44.751431752029426,2.8427318761066176,54773.56866998506,6000378.0,1462,2.844446730952799e-05
2019-12-26,-73.82136699611068,-76.88420711507142,-101.06302667394341,-73.82136699611068,-76.88420711507142,3.0628401189607297,99812.19387363315,9911115.0,2660,1.9097628139986236e-05
2019-12-27,157.10215681018965,154.58042307743796,120.06644280684786,157.10215681018965,154.58042307743796,2.521733732751691,100812.99706201343,9600235.0,2738,5.0222823501459117e-05
